account_id,account_type,age_days,customer_segment,risk_prior,location,business_profile,has_business_profile
ACC_000000,individual,385,retail,0.135,LOC_04,none,0
ACC_000001,individual,231,retail,0.149,LOC_14,none,0
ACC_000002,individual,1725,retail,0.34,LOC_07,none,0
ACC_000003,individual,2460,retail,0.018,LOC_15,none,0
ACC_000004,individual,3064,retail,0.111,LOC_11,none,0
ACC_000005,business,2637,small_business,0.214,LOC_02,online_merchant,1
ACC_000006,individual,1018,retail,0.102,LOC_18,none,0
ACC_000007,individual,3025,retail,0.053,LOC_01,none,0
ACC_000008,individual,2648,retail,0.322,LOC_04,none,0
ACC_000009,business,1411,corporate,0.29,LOC_10,wholesaler,1
ACC_000010,individual,3057,retail,0.095,LOC_15,none,0
ACC_000011,individual,726,retail,0.099,LOC_01,none,0
ACC_000012,individual,2733,retail,0.514,LOC_16,none,0
ACC_000013,individual,2622,student,0.123,LOC_06,none,0
ACC_000014,individual,3217,retail,0.152,LOC_09,none,0
ACC_000015,individual,1333,student,0.049,LOC_03,none,0
ACC_000016,individual,2955,retail,0.154,LOC_07,none,0
ACC_000017,individual,3459,student,0.127,LOC_16,none,0
ACC_000018,individual,157,retail,0.056,LOC_19,none,0
ACC_000019,individual,1174,retail,0.234,LOC_10,none,0
ACC_000020,individual,2258,retail,0.032,LOC_07,none,0
ACC_000021,business,1062,corporate,0.268,LOC_17,wholesaler,1
ACC_000022,individual,142,retail,0.221,LOC_07,none,0
ACC_000023,individual,1463,retail,0.291,LOC_13,none,0
ACC_000024,business,1751,small_business,0.209,LOC_16,online_merchant,1
ACC_000025,individual,529,retail,0.063,LOC_18,none,0
ACC_000026,individual,2209,retail,0.197,LOC_09,none,0
ACC_000027,business,3263,small_business,0.152,LOC_10,online_merchant,1
ACC_000028,individual,351,retail,0.184,LOC_10,none,0
ACC_000029,business,1805,small_business,0.185,LOC_01,wholesaler,1
ACC_000030,individual,1125,retail,0.079,LOC_17,none,0
ACC_000031,individual,1115,retail,0.287,LOC_04,none,0
ACC_000032,business,856,corporate,0.258,LOC_07,wholesaler,1
ACC_000033,individual,1270,retail,0.315,LOC_11,none,0
ACC_000034,individual,2311,retail,0.04,LOC_08,none,0
ACC_000035,business,3020,small_business,0.128,LOC_15,retail_store,1
ACC_000036,business,2921,small_business,0.114,LOC_05,professional_service,1
ACC_000037,business,273,small_business,0.468,LOC_09,professional_service,1
ACC_000038,individual,1170,retail,0.086,LOC_16,none,0
ACC_000039,individual,1445,student,0.371,LOC_18,none,0
ACC_000040,individual,1062,retail,0.012,LOC_08,none,0
ACC_000041,individual,2544,student,0.043,LOC_15,none,0
ACC_000042,individual,2437,retail,0.372,LOC_06,none,0
ACC_000043,individual,630,retail,0.089,LOC_19,none,0
ACC_000044,individual,2930,retail,0.081,LOC_16,none,0
ACC_000045,individual,119,retail,0.031,LOC_08,none,0
ACC_000046,individual,1305,retail,0.229,LOC_04,none,0
ACC_000047,individual,137,retail,0.073,LOC_17,none,0
ACC_000048,individual,1901,retail,0.226,LOC_10,none,0
ACC_000049,business,2870,small_business,0.158,LOC_14,professional_service,1
ACC_000050,individual,1111,retail,0.278,LOC_02,none,0
ACC_000051,business,367,small_business,0.009,LOC_11,online_merchant,1
ACC_000052,individual,1745,retail,0.047,LOC_15,none,0
ACC_000053,individual,156,retail,0.033,LOC_14,none,0
ACC_000054,individual,1871,student,0.169,LOC_14,none,0
ACC_000055,individual,2156,retail,0.219,LOC_06,none,0
ACC_000056,individual,2985,student,0.168,LOC_19,none,0
ACC_000057,business,1314,small_business,0.113,LOC_10,online_merchant,1
ACC_000058,individual,453,retail,0.265,LOC_05,none,0
ACC_000059,individual,2516,retail,0.03,LOC_09,none,0
ACC_000060,business,2955,corporate,0.1,LOC_17,online_merchant,1
ACC_000061,individual,1249,student,0.262,LOC_19,none,0
ACC_000062,individual,2346,retail,0.312,LOC_07,none,0
ACC_000063,individual,782,student,0.291,LOC_14,none,0
ACC_000064,individual,952,retail,0.168,LOC_09,none,0
ACC_000065,business,3580,corporate,0.098,LOC_10,professional_service,1
ACC_000066,individual,2695,retail,0.178,LOC_07,none,0
ACC_000067,individual,2358,retail,0.076,LOC_08,none,0
ACC_000068,individual,1597,retail,0.286,LOC_12,none,0
ACC_000069,business,2632,small_business,0.146,LOC_08,retail_store,1
ACC_000070,business,3431,small_business,0.067,LOC_13,wholesaler,1
ACC_000071,individual,1931,retail,0.053,LOC_13,none,0
ACC_000072,business,842,corporate,0.332,LOC_01,online_merchant,1
ACC_000073,individual,3218,retail,0.115,LOC_05,none,0
ACC_000074,individual,734,retail,0.179,LOC_02,none,0
ACC_000075,individual,1813,retail,0.048,LOC_18,none,0
ACC_000076,individual,2366,retail,0.376,LOC_12,none,0
ACC_000077,individual,2066,retail,0.112,LOC_08,none,0
ACC_000078,individual,2444,retail,0.221,LOC_13,none,0
ACC_000079,business,570,small_business,0.054,LOC_16,professional_service,1
ACC_000080,individual,913,student,0.101,LOC_17,none,0
ACC_000081,business,2215,small_business,0.032,LOC_02,retail_store,1
ACC_000082,business,2181,small_business,0.187,LOC_15,online_merchant,1
ACC_000083,individual,1737,retail,0.042,LOC_16,none,0
ACC_000084,individual,835,student,0.053,LOC_11,none,0
ACC_000085,business,2381,corporate,0.159,LOC_17,professional_service,1
ACC_000086,individual,741,retail,0.22,LOC_07,none,0
ACC_000087,individual,2720,retail,0.11,LOC_12,none,0
ACC_000088,individual,3622,retail,0.08,LOC_04,none,0
ACC_000089,individual,1479,retail,0.116,LOC_16,none,0
ACC_000090,individual,3033,retail,0.255,LOC_06,none,0
ACC_000091,individual,3517,retail,0.192,LOC_11,none,0
ACC_000092,individual,3338,retail,0.179,LOC_11,none,0
ACC_000093,business,385,corporate,0.541,LOC_02,professional_service,1
ACC_000094,individual,335,student,0.043,LOC_05,none,0
ACC_000095,individual,1090,student,0.138,LOC_15,none,0
ACC_000096,individual,3462,retail,0.244,LOC_12,none,0
ACC_000097,individual,1746,retail,0.183,LOC_01,none,0
ACC_000098,individual,2210,retail,0.165,LOC_03,none,0
ACC_000099,business,2627,small_business,0.131,LOC_12,professional_service,1
ACC_000100,business,2798,corporate,0.255,LOC_06,online_merchant,1
ACC_000101,individual,2355,student,0.309,LOC_17,none,0
ACC_000102,individual,1823,retail,0.145,LOC_16,none,0
ACC_000103,individual,1629,retail,0.147,LOC_13,none,0
ACC_000104,business,267,small_business,0.08,LOC_09,retail_store,1
ACC_000105,individual,71,student,0.063,LOC_18,none,0
ACC_000106,individual,843,retail,0.094,LOC_03,none,0
ACC_000107,individual,1711,retail,0.453,LOC_09,none,0
ACC_000108,individual,3294,retail,0.063,LOC_01,none,0
ACC_000109,individual,226,retail,0.137,LOC_19,none,0
ACC_000110,individual,1619,retail,0.193,LOC_04,none,0
ACC_000111,business,1663,small_business,0.14,LOC_19,retail_store,1
ACC_000112,individual,1017,retail,0.129,LOC_13,none,0
ACC_000113,individual,728,retail,0.181,LOC_05,none,0
ACC_000114,individual,3292,retail,0.094,LOC_11,none,0
ACC_000115,individual,235,student,0.116,LOC_02,none,0
ACC_000116,individual,260,student,0.123,LOC_06,none,0
ACC_000117,individual,695,retail,0.011,LOC_10,none,0
ACC_000118,individual,1230,retail,0.065,LOC_03,none,0
ACC_000119,individual,3521,retail,0.3,LOC_02,none,0
ACC_000120,individual,712,retail,0.059,LOC_07,none,0
ACC_000121,individual,175,student,0.258,LOC_15,none,0
ACC_000122,individual,961,retail,0.041,LOC_03,none,0
ACC_000123,individual,3157,retail,0.231,LOC_10,none,0
ACC_000124,individual,2563,retail,0.129,LOC_11,none,0
ACC_000125,business,1151,small_business,0.053,LOC_18,professional_service,1
ACC_000126,individual,875,retail,0.055,LOC_02,none,0
ACC_000127,individual,3560,student,0.146,LOC_12,none,0
ACC_000128,individual,301,retail,0.18,LOC_07,none,0
ACC_000129,individual,2883,retail,0.056,LOC_16,none,0
ACC_000130,individual,891,retail,0.133,LOC_03,none,0
ACC_000131,business,1061,corporate,0.192,LOC_14,retail_store,1
ACC_000132,individual,3357,retail,0.03,LOC_12,none,0
ACC_000133,individual,3213,retail,0.013,LOC_13,none,0
ACC_000134,individual,165,student,0.019,LOC_01,none,0
ACC_000135,business,1108,small_business,0.158,LOC_02,retail_store,1
ACC_000136,business,3474,small_business,0.185,LOC_14,wholesaler,1
ACC_000137,business,2039,small_business,0.208,LOC_16,online_merchant,1
ACC_000138,business,151,small_business,0.199,LOC_01,wholesaler,1
ACC_000139,individual,2305,retail,0.04,LOC_14,none,0
ACC_000140,individual,2126,retail,0.249,LOC_17,none,0
ACC_000141,individual,1764,retail,0.078,LOC_02,none,0
ACC_000142,individual,2631,retail,0.015,LOC_03,none,0
ACC_000143,business,1951,corporate,0.211,LOC_11,professional_service,1
ACC_000144,individual,380,retail,0.139,LOC_02,none,0
ACC_000145,individual,2022,student,0.174,LOC_12,none,0
ACC_000146,individual,274,retail,0.119,LOC_18,none,0
ACC_000147,individual,1238,retail,0.13,LOC_10,none,0
ACC_000148,individual,1384,student,0.072,LOC_03,none,0
ACC_000149,individual,3252,retail,0.007,LOC_01,none,0
ACC_000150,individual,2075,retail,0.405,LOC_11,none,0
ACC_000151,individual,1025,retail,0.033,LOC_12,none,0
ACC_000152,individual,1471,retail,0.103,LOC_03,none,0
ACC_000153,individual,1346,retail,0.075,LOC_10,none,0
ACC_000154,business,1068,corporate,0.254,LOC_18,retail_store,1
ACC_000155,individual,3449,retail,0.082,LOC_13,none,0
ACC_000156,business,3154,small_business,0.245,LOC_18,retail_store,1
ACC_000157,individual,1939,retail,0.161,LOC_16,none,0
ACC_000158,individual,1365,retail,0.146,LOC_05,none,0
ACC_000159,individual,1979,retail,0.308,LOC_02,none,0
ACC_000160,individual,264,retail,0.241,LOC_17,none,0
ACC_000161,individual,1307,retail,0.046,LOC_11,none,0
ACC_000162,individual,679,retail,0.376,LOC_11,none,0
ACC_000163,individual,2182,retail,0.135,LOC_12,none,0
ACC_000164,individual,568,student,0.179,LOC_07,none,0
ACC_000165,business,2054,small_business,0.108,LOC_06,professional_service,1
ACC_000166,individual,3423,student,0.092,LOC_07,none,0
ACC_000167,individual,54,retail,0.217,LOC_10,none,0
ACC_000168,business,2983,corporate,0.037,LOC_09,wholesaler,1
ACC_000169,individual,2950,retail,0.065,LOC_16,none,0
ACC_000170,business,3064,small_business,0.02,LOC_12,retail_store,1
ACC_000171,individual,1834,retail,0.253,LOC_11,none,0
ACC_000172,business,2737,small_business,0.139,LOC_15,professional_service,1
ACC_000173,individual,2242,retail,0.129,LOC_13,none,0
ACC_000174,business,1036,small_business,0.533,LOC_09,wholesaler,1
ACC_000175,business,3347,small_business,0.187,LOC_12,professional_service,1
ACC_000176,individual,3077,student,0.154,LOC_03,none,0
ACC_000177,individual,1399,retail,0.254,LOC_16,none,0
ACC_000178,individual,2302,retail,0.277,LOC_14,none,0
ACC_000179,individual,1265,retail,0.336,LOC_17,none,0
ACC_000180,individual,1556,retail,0.592,LOC_10,none,0
ACC_000181,individual,1049,retail,0.085,LOC_07,none,0
ACC_000182,business,2284,corporate,0.109,LOC_17,online_merchant,1
ACC_000183,business,1192,corporate,0.195,LOC_16,retail_store,1
ACC_000184,business,538,small_business,0.04,LOC_03,professional_service,1
ACC_000185,individual,2998,retail,0.271,LOC_12,none,0
ACC_000186,business,1473,small_business,0.022,LOC_18,wholesaler,1
ACC_000187,individual,1642,retail,0.077,LOC_16,none,0
ACC_000188,business,3177,corporate,0.131,LOC_06,online_merchant,1
ACC_000189,individual,500,retail,0.207,LOC_05,none,0
ACC_000190,individual,922,retail,0.456,LOC_01,none,0
ACC_000191,individual,3252,retail,0.101,LOC_06,none,0
ACC_000192,individual,3520,retail,0.13,LOC_07,none,0
ACC_000193,individual,2059,student,0.217,LOC_15,none,0
ACC_000194,individual,3523,retail,0.282,LOC_02,none,0
ACC_000195,individual,814,student,0.094,LOC_13,none,0
ACC_000196,individual,668,retail,0.152,LOC_09,none,0
ACC_000197,individual,3140,retail,0.028,LOC_17,none,0
ACC_000198,individual,330,retail,0.236,LOC_10,none,0
ACC_000199,business,1448,small_business,0.203,LOC_05,professional_service,1
ACC_000200,individual,3226,retail,0.062,LOC_07,none,0
ACC_000201,individual,1381,student,0.397,LOC_07,none,0
ACC_000202,individual,3616,retail,0.01,LOC_09,none,0
ACC_000203,business,2256,corporate,0.24,LOC_15,online_merchant,1
ACC_000204,business,3616,small_business,0.075,LOC_09,online_merchant,1
ACC_000205,individual,347,student,0.287,LOC_05,none,0
ACC_000206,individual,902,retail,0.053,LOC_13,none,0
ACC_000207,business,2760,corporate,0.043,LOC_16,online_merchant,1
ACC_000208,individual,3413,retail,0.183,LOC_14,none,0
ACC_000209,individual,2997,student,0.017,LOC_11,none,0
ACC_000210,individual,3419,student,0.028,LOC_05,none,0
ACC_000211,business,3501,small_business,0.198,LOC_16,wholesaler,1
ACC_000212,individual,82,retail,0.053,LOC_02,none,0
ACC_000213,individual,3135,retail,0.114,LOC_02,none,0
ACC_000214,individual,1771,retail,0.16,LOC_05,none,0
ACC_000215,individual,1492,retail,0.058,LOC_02,none,0
ACC_000216,individual,834,retail,0.205,LOC_13,none,0
ACC_000217,individual,1728,student,0.413,LOC_16,none,0
ACC_000218,business,337,corporate,0.35,LOC_14,online_merchant,1
ACC_000219,business,1940,corporate,0.072,LOC_03,professional_service,1
ACC_000220,individual,3021,retail,0.219,LOC_03,none,0
ACC_000221,individual,85,retail,0.185,LOC_06,none,0
ACC_000222,individual,212,retail,0.133,LOC_03,none,0
ACC_000223,individual,3072,retail,0.262,LOC_03,none,0
ACC_000224,individual,315,retail,0.239,LOC_06,none,0
ACC_000225,individual,2048,retail,0.369,LOC_01,none,0
ACC_000226,business,2290,corporate,0.229,LOC_06,online_merchant,1
ACC_000227,individual,1080,retail,0.347,LOC_07,none,0
ACC_000228,individual,2500,retail,0.089,LOC_13,none,0
ACC_000229,individual,2583,retail,0.081,LOC_17,none,0
ACC_000230,individual,1445,retail,0.19,LOC_09,none,0
ACC_000231,individual,324,retail,0.132,LOC_11,none,0
ACC_000232,individual,1203,retail,0.111,LOC_17,none,0
ACC_000233,individual,767,retail,0.058,LOC_16,none,0
ACC_000234,business,1923,small_business,0.229,LOC_18,wholesaler,1
ACC_000235,individual,3036,student,0.162,LOC_18,none,0
ACC_000236,individual,3070,retail,0.132,LOC_18,none,0
ACC_000237,individual,2775,student,0.123,LOC_14,none,0
ACC_000238,individual,1939,student,0.263,LOC_11,none,0
ACC_000239,individual,2026,retail,0.076,LOC_08,none,0
ACC_000240,individual,1801,retail,0.053,LOC_05,none,0
ACC_000241,individual,931,retail,0.219,LOC_11,none,0
ACC_000242,individual,882,retail,0.161,LOC_10,none,0
ACC_000243,individual,1493,retail,0.201,LOC_10,none,0
ACC_000244,individual,3039,retail,0.205,LOC_04,none,0
ACC_000245,individual,443,retail,0.056,LOC_09,none,0
ACC_000246,individual,760,retail,0.164,LOC_19,none,0
ACC_000247,individual,498,retail,0.133,LOC_14,none,0
ACC_000248,individual,713,retail,0.154,LOC_09,none,0
ACC_000249,individual,2123,retail,0.282,LOC_02,none,0
ACC_000250,business,346,small_business,0.111,LOC_05,wholesaler,1
ACC_000251,individual,290,retail,0.138,LOC_05,none,0
ACC_000252,individual,81,retail,0.552,LOC_06,none,0
ACC_000253,individual,1322,student,0.577,LOC_16,none,0
ACC_000254,individual,581,retail,0.063,LOC_11,none,0
ACC_000255,individual,185,retail,0.164,LOC_07,none,0
ACC_000256,individual,2640,retail,0.05,LOC_05,none,0
ACC_000257,business,2555,small_business,0.276,LOC_13,professional_service,1
ACC_000258,individual,794,retail,0.039,LOC_11,none,0
ACC_000259,individual,3270,student,0.16,LOC_09,none,0
ACC_000260,individual,2421,retail,0.172,LOC_05,none,0
ACC_000261,individual,1806,retail,0.26,LOC_09,none,0
ACC_000262,individual,1566,retail,0.06,LOC_16,none,0
ACC_000263,individual,521,retail,0.194,LOC_15,none,0
ACC_000264,individual,1489,retail,0.201,LOC_13,none,0
ACC_000265,individual,1606,retail,0.091,LOC_11,none,0
ACC_000266,business,1150,small_business,0.18,LOC_03,retail_store,1
ACC_000267,individual,295,retail,0.305,LOC_03,none,0
ACC_000268,individual,823,retail,0.108,LOC_09,none,0
ACC_000269,business,1620,small_business,0.259,LOC_11,wholesaler,1
ACC_000270,business,3343,small_business,0.089,LOC_12,online_merchant,1
ACC_000271,business,1181,small_business,0.04,LOC_06,online_merchant,1
ACC_000272,business,2919,corporate,0.173,LOC_01,online_merchant,1
ACC_000273,individual,1907,retail,0.034,LOC_01,none,0
ACC_000274,individual,1577,retail,0.143,LOC_15,none,0
ACC_000275,individual,2597,student,0.122,LOC_10,none,0
ACC_000276,individual,1747,retail,0.15,LOC_19,none,0
ACC_000277,individual,934,retail,0.201,LOC_08,none,0
ACC_000278,individual,3315,retail,0.068,LOC_11,none,0
ACC_000279,individual,3143,retail,0.131,LOC_08,none,0
ACC_000280,individual,1972,retail,0.103,LOC_14,none,0
ACC_000281,individual,2886,retail,0.263,LOC_04,none,0
ACC_000282,individual,2657,retail,0.07,LOC_13,none,0
ACC_000283,individual,406,retail,0.053,LOC_19,none,0
ACC_000284,individual,2029,student,0.154,LOC_13,none,0
ACC_000285,individual,663,retail,0.232,LOC_01,none,0
ACC_000286,business,865,small_business,0.168,LOC_04,online_merchant,1
ACC_000287,individual,268,retail,0.307,LOC_09,none,0
ACC_000288,individual,723,retail,0.177,LOC_19,none,0
ACC_000289,individual,3013,retail,0.065,LOC_05,none,0
ACC_000290,individual,2726,retail,0.07,LOC_19,none,0
ACC_000291,individual,1791,retail,0.182,LOC_08,none,0
ACC_000292,business,983,small_business,0.009,LOC_06,wholesaler,1
ACC_000293,individual,1261,retail,0.052,LOC_17,none,0
ACC_000294,individual,140,retail,0.05,LOC_09,none,0
ACC_000295,individual,1054,student,0.039,LOC_11,none,0
ACC_000296,business,1865,small_business,0.081,LOC_19,professional_service,1
ACC_000297,individual,1869,retail,0.004,LOC_08,none,0
ACC_000298,individual,494,retail,0.114,LOC_12,none,0
ACC_000299,individual,2125,retail,0.218,LOC_19,none,0
ACC_000300,individual,1904,retail,0.313,LOC_16,none,0
ACC_000301,business,1737,small_business,0.132,LOC_04,professional_service,1
ACC_000302,individual,484,retail,0.268,LOC_17,none,0
ACC_000303,individual,2918,retail,0.083,LOC_01,none,0
ACC_000304,individual,3120,retail,0.16,LOC_16,none,0
ACC_000305,individual,759,retail,0.217,LOC_18,none,0
ACC_000306,business,1199,corporate,0.267,LOC_02,retail_store,1
ACC_000307,individual,2910,retail,0.265,LOC_10,none,0
ACC_000308,business,2803,corporate,0.111,LOC_19,professional_service,1
ACC_000309,business,2151,small_business,0.238,LOC_01,retail_store,1
ACC_000310,individual,2300,retail,0.302,LOC_15,none,0
ACC_000311,business,457,small_business,0.27,LOC_01,online_merchant,1
ACC_000312,individual,1058,retail,0.163,LOC_09,none,0
ACC_000313,individual,2649,retail,0.102,LOC_06,none,0
ACC_000314,individual,844,retail,0.052,LOC_11,none,0
ACC_000315,business,985,small_business,0.12,LOC_10,retail_store,1
ACC_000316,business,598,small_business,0.064,LOC_12,wholesaler,1
ACC_000317,individual,1018,retail,0.066,LOC_15,none,0
ACC_000318,individual,621,retail,0.154,LOC_18,none,0
ACC_000319,individual,2836,retail,0.162,LOC_13,none,0
ACC_000320,individual,682,retail,0.515,LOC_11,none,0
ACC_000321,individual,529,retail,0.077,LOC_02,none,0
ACC_000322,individual,1376,retail,0.026,LOC_07,none,0
ACC_000323,individual,1122,retail,0.094,LOC_18,none,0
ACC_000324,individual,1688,retail,0.076,LOC_11,none,0
ACC_000325,business,3284,small_business,0.109,LOC_13,professional_service,1
ACC_000326,individual,2580,retail,0.265,LOC_16,none,0
ACC_000327,individual,3161,retail,0.209,LOC_03,none,0
ACC_000328,individual,3371,student,0.199,LOC_06,none,0
ACC_000329,individual,3283,retail,0.363,LOC_05,none,0
ACC_000330,individual,2608,student,0.345,LOC_05,none,0
ACC_000331,individual,2800,retail,0.182,LOC_11,none,0
ACC_000332,individual,88,retail,0.067,LOC_07,none,0
ACC_000333,individual,2466,retail,0.048,LOC_09,none,0
ACC_000334,individual,3143,retail,0.147,LOC_04,none,0
ACC_000335,individual,3557,student,0.26,LOC_03,none,0
ACC_000336,business,917,small_business,0.261,LOC_08,professional_service,1
ACC_000337,individual,2684,retail,0.038,LOC_13,none,0
ACC_000338,individual,2819,retail,0.115,LOC_01,none,0
ACC_000339,individual,2441,student,0.118,LOC_08,none,0
ACC_000340,individual,3612,retail,0.115,LOC_03,none,0
ACC_000341,individual,2657,retail,0.043,LOC_07,none,0
ACC_000342,business,3148,small_business,0.024,LOC_15,wholesaler,1
ACC_000343,individual,64,retail,0.069,LOC_06,none,0
ACC_000344,individual,2323,retail,0.253,LOC_11,none,0
ACC_000345,individual,1612,retail,0.099,LOC_17,none,0
ACC_000346,individual,2492,retail,0.128,LOC_13,none,0
ACC_000347,business,1860,small_business,0.178,LOC_17,retail_store,1
ACC_000348,business,154,small_business,0.136,LOC_04,wholesaler,1
ACC_000349,individual,75,retail,0.067,LOC_08,none,0
ACC_000350,business,1195,small_business,0.216,LOC_03,online_merchant,1
ACC_000351,individual,3158,retail,0.039,LOC_12,none,0
ACC_000352,individual,522,retail,0.048,LOC_15,none,0
ACC_000353,individual,2341,student,0.011,LOC_10,none,0
ACC_000354,individual,736,retail,0.206,LOC_14,none,0
ACC_000355,individual,2377,retail,0.291,LOC_11,none,0
ACC_000356,individual,756,retail,0.159,LOC_14,none,0
ACC_000357,individual,3354,retail,0.219,LOC_09,none,0
ACC_000358,individual,486,retail,0.097,LOC_19,none,0
ACC_000359,individual,2108,retail,0.04,LOC_09,none,0
ACC_000360,individual,2126,retail,0.19,LOC_19,none,0
ACC_000361,individual,156,retail,0.484,LOC_14,none,0
ACC_000362,individual,310,student,0.056,LOC_15,none,0
ACC_000363,individual,3638,retail,0.123,LOC_01,none,0
ACC_000364,individual,1737,retail,0.097,LOC_08,none,0
ACC_000365,individual,1478,retail,0.087,LOC_15,none,0
ACC_000366,individual,1269,retail,0.071,LOC_09,none,0
ACC_000367,individual,635,retail,0.134,LOC_09,none,0
ACC_000368,individual,2082,retail,0.373,LOC_08,none,0
ACC_000369,individual,1647,retail,0.105,LOC_14,none,0
ACC_000370,individual,2941,retail,0.451,LOC_03,none,0
ACC_000371,individual,1272,retail,0.039,LOC_07,none,0
ACC_000372,individual,504,retail,0.21,LOC_11,none,0
ACC_000373,individual,289,retail,0.083,LOC_18,none,0
ACC_000374,individual,741,retail,0.054,LOC_10,none,0
ACC_000375,business,1496,corporate,0.241,LOC_02,wholesaler,1
ACC_000376,individual,614,retail,0.203,LOC_09,none,0
ACC_000377,business,2361,small_business,0.195,LOC_15,retail_store,1
ACC_000378,individual,301,retail,0.015,LOC_13,none,0
ACC_000379,individual,3641,student,0.187,LOC_14,none,0
ACC_000380,individual,2743,retail,0.085,LOC_18,none,0
ACC_000381,individual,3488,retail,0.311,LOC_11,none,0
ACC_000382,individual,2773,retail,0.095,LOC_19,none,0
ACC_000383,individual,2671,retail,0.07,LOC_04,none,0
ACC_000384,individual,2495,retail,0.178,LOC_14,none,0
ACC_000385,individual,1842,retail,0.078,LOC_08,none,0
ACC_000386,individual,2578,retail,0.082,LOC_15,none,0
ACC_000387,individual,3320,retail,0.033,LOC_13,none,0
ACC_000388,individual,3022,retail,0.198,LOC_09,none,0
ACC_000389,individual,1568,retail,0.36,LOC_03,none,0
ACC_000390,individual,2404,retail,0.227,LOC_07,none,0
ACC_000391,individual,483,retail,0.244,LOC_11,none,0
ACC_000392,individual,1038,retail,0.114,LOC_18,none,0
ACC_000393,individual,447,retail,0.013,LOC_11,none,0
ACC_000394,business,910,small_business,0.206,LOC_12,retail_store,1
ACC_000395,individual,3247,retail,0.117,LOC_07,none,0
ACC_000396,individual,492,student,0.022,LOC_17,none,0
ACC_000397,individual,3619,retail,0.171,LOC_06,none,0
ACC_000398,individual,3603,retail,0.094,LOC_10,none,0
ACC_000399,individual,3230,retail,0.021,LOC_17,none,0
ACC_000400,business,814,small_business,0.163,LOC_08,wholesaler,1
ACC_000401,business,2152,small_business,0.079,LOC_18,online_merchant,1
ACC_000402,individual,2423,student,0.048,LOC_10,none,0
ACC_000403,individual,1945,retail,0.14,LOC_15,none,0
ACC_000404,individual,2855,retail,0.329,LOC_07,none,0
ACC_000405,individual,917,retail,0.265,LOC_12,none,0
ACC_000406,individual,2927,student,0.41,LOC_13,none,0
ACC_000407,business,854,corporate,0.042,LOC_13,online_merchant,1
ACC_000408,individual,2616,retail,0.25,LOC_07,none,0
ACC_000409,individual,63,retail,0.296,LOC_16,none,0
ACC_000410,individual,286,retail,0.417,LOC_10,none,0
ACC_000411,individual,783,student,0.145,LOC_16,none,0
ACC_000412,individual,611,retail,0.077,LOC_05,none,0
ACC_000413,individual,403,retail,0.062,LOC_07,none,0
ACC_000414,individual,839,retail,0.214,LOC_10,none,0
ACC_000415,business,2342,small_business,0.117,LOC_04,online_merchant,1
ACC_000416,business,1488,small_business,0.409,LOC_15,professional_service,1
ACC_000417,individual,743,retail,0.084,LOC_12,none,0
ACC_000418,individual,3358,student,0.132,LOC_15,none,0
ACC_000419,individual,1604,retail,0.052,LOC_02,none,0
ACC_000420,individual,198,retail,0.041,LOC_11,none,0
ACC_000421,business,496,small_business,0.093,LOC_05,professional_service,1
ACC_000422,business,861,corporate,0.192,LOC_17,online_merchant,1
ACC_000423,individual,1556,retail,0.388,LOC_14,none,0
ACC_000424,individual,2019,retail,0.194,LOC_09,none,0
ACC_000425,business,1056,corporate,0.348,LOC_10,retail_store,1
ACC_000426,individual,1524,retail,0.116,LOC_07,none,0
ACC_000427,individual,1748,retail,0.044,LOC_03,none,0
ACC_000428,business,1527,corporate,0.208,LOC_16,retail_store,1
ACC_000429,business,3054,small_business,0.085,LOC_07,wholesaler,1
ACC_000430,individual,867,student,0.334,LOC_11,none,0
ACC_000431,individual,3138,retail,0.205,LOC_04,none,0
ACC_000432,individual,2746,retail,0.069,LOC_15,none,0
ACC_000433,business,224,small_business,0.149,LOC_05,professional_service,1
ACC_000434,individual,2036,retail,0.267,LOC_10,none,0
ACC_000435,individual,3565,retail,0.337,LOC_19,none,0
ACC_000436,individual,1840,retail,0.108,LOC_01,none,0
ACC_000437,individual,2067,retail,0.353,LOC_15,none,0
ACC_000438,individual,1779,student,0.219,LOC_13,none,0
ACC_000439,individual,816,retail,0.206,LOC_02,none,0
ACC_000440,business,1788,corporate,0.118,LOC_18,wholesaler,1
ACC_000441,individual,1108,retail,0.242,LOC_15,none,0
ACC_000442,individual,2720,retail,0.265,LOC_04,none,0
ACC_000443,individual,1644,retail,0.196,LOC_13,none,0
ACC_000444,individual,1223,student,0.217,LOC_01,none,0
ACC_000445,business,473,small_business,0.048,LOC_06,online_merchant,1
ACC_000446,business,785,small_business,0.174,LOC_11,wholesaler,1
ACC_000447,individual,2350,retail,0.074,LOC_01,none,0
ACC_000448,individual,3176,retail,0.356,LOC_05,none,0
ACC_000449,individual,2233,retail,0.054,LOC_01,none,0
ACC_000450,individual,1603,retail,0.349,LOC_02,none,0
ACC_000451,individual,361,retail,0.078,LOC_05,none,0
ACC_000452,business,2299,small_business,0.193,LOC_06,online_merchant,1
ACC_000453,individual,532,retail,0.317,LOC_01,none,0
ACC_000454,individual,1873,retail,0.229,LOC_08,none,0
ACC_000455,individual,964,student,0.209,LOC_16,none,0
ACC_000456,individual,1574,retail,0.161,LOC_16,none,0
ACC_000457,individual,1363,retail,0.257,LOC_10,none,0
ACC_000458,individual,3491,student,0.032,LOC_18,none,0
ACC_000459,business,2718,small_business,0.09,LOC_04,online_merchant,1
ACC_000460,individual,3462,retail,0.42,LOC_04,none,0
ACC_000461,individual,2708,retail,0.212,LOC_07,none,0
ACC_000462,individual,1050,retail,0.252,LOC_19,none,0
ACC_000463,individual,2756,retail,0.072,LOC_14,none,0
ACC_000464,individual,3512,retail,0.157,LOC_04,none,0
ACC_000465,individual,515,retail,0.162,LOC_08,none,0
ACC_000466,individual,2905,retail,0.041,LOC_13,none,0
ACC_000467,individual,945,retail,0.04,LOC_18,none,0
ACC_000468,individual,1648,retail,0.023,LOC_04,none,0
ACC_000469,individual,886,student,0.046,LOC_06,none,0
ACC_000470,individual,1393,retail,0.008,LOC_02,none,0
ACC_000471,individual,1531,student,0.116,LOC_15,none,0
ACC_000472,individual,1216,retail,0.419,LOC_08,none,0
ACC_000473,individual,2910,retail,0.142,LOC_18,none,0
ACC_000474,individual,114,student,0.158,LOC_06,none,0
ACC_000475,business,2498,small_business,0.073,LOC_04,online_merchant,1
ACC_000476,business,3296,small_business,0.032,LOC_15,retail_store,1
ACC_000477,individual,1488,retail,0.2,LOC_09,none,0
ACC_000478,individual,461,retail,0.045,LOC_09,none,0
ACC_000479,individual,1900,retail,0.014,LOC_13,none,0
ACC_000480,business,1313,small_business,0.135,LOC_03,online_merchant,1
ACC_000481,individual,2834,retail,0.037,LOC_03,none,0
ACC_000482,individual,3504,retail,0.334,LOC_01,none,0
ACC_000483,business,510,corporate,0.046,LOC_13,retail_store,1
ACC_000484,individual,71,retail,0.099,LOC_09,none,0
ACC_000485,individual,1757,student,0.19,LOC_04,none,0
ACC_000486,individual,36,student,0.008,LOC_15,none,0
ACC_000487,individual,2433,retail,0.075,LOC_09,none,0
ACC_000488,business,1950,corporate,0.161,LOC_13,online_merchant,1
ACC_000489,individual,2510,retail,0.208,LOC_03,none,0
ACC_000490,individual,2912,retail,0.149,LOC_12,none,0
ACC_000491,individual,3449,retail,0.225,LOC_10,none,0
ACC_000492,business,2778,corporate,0.251,LOC_01,online_merchant,1
ACC_000493,individual,2833,student,0.047,LOC_17,none,0
ACC_000494,business,888,small_business,0.08,LOC_06,professional_service,1
ACC_000495,individual,1138,retail,0.122,LOC_09,none,0
ACC_000496,individual,2296,student,0.327,LOC_04,none,0
ACC_000497,individual,2171,retail,0.044,LOC_04,none,0
ACC_000498,individual,3581,retail,0.031,LOC_06,none,0
ACC_000499,individual,933,retail,0.048,LOC_03,none,0
